District(D)/Taluk(T)/Hobli(H),Name,Normal (mm),Actual (mm),% DEP,Class,,,,,,,,,,
D,BENGALURU URBAN,846,1128,33,E,,,,,,,,,,
T,Anekal,902,1036,15,N,,,,,,,,,,
H,Anekal_1,902,848,-6,N,,,,,,,,,,
H,Attibele_1,824,892,8,N,,,,,,,,,,
H,Jigani_1,845,1149,36,E,,,,,,,,,,
H,Sarjapura_1,748,1154,54,E,,,,,,,,,,
H,Anekal_2,881,956,9,N,,,,,,,,,,
H,Jigani_2,865,1121,30,E,,,,,,,,,,
H,Attibele_2,857,1131,32,E,,,,,,,,,,
H,Sarjapura_1,855,1088,27,E,,,,,,,,,,
H,Sarjapura_3,814,1053,29,E,,,,,,,,,,
T,Bengaluru North,1004,1158,15,N,,,,,,,,,,
H,Bengaluru North_1,1004,1207,20,E,,,,,,,,,,
H,Dasanapura_1,896,1159,29,E,,,,,,,,,,
H,Yashavantapura_1,819,1152,41,E,,,,,,,,,,
H,Bengaluru North_2,854,939,10,N,,,,,,,,,,
H,Yashavantapura_2,866,1286,49,E,,,,,,,,,,
H,Dasanapura_2,872,1023,17,N,,,,,,,,,,
H,Dasanapura_3,900,1031,15,N,,,,,,,,,,
T,Bengaluru South,820,1156,41,E,,,,,,,,,,
H,Beguru_3,820,1068,30,E,,,,,,,,,,
H,Kengeri_1,905,1205,33,E,,,,,,,,,,
H,Tavarekere_1,734,1150,57,E,,,,,,,,,,
H,Uttarahalli_4,905,1353,50,E,,,,,,,,,,
H,Uttarahalli_1,886,1018,15,N,,,,,,,,,,
H,Uttarahalli_2,872,1120,28,E,,,,,,,,,,
H,Uttarahalli_3,863,1307,51,E,,,,,,,,,,
H,Uttarahalli_5,941,1120,19,N,,,,,,,,,,
H,Beguru_1,912,1166,28,E,,,,,,,,,,
H,Beguru_2,875,1016,16,N,,,,,,,,,,
H,Kengeri_2,878,1219,39,E,,,,,,,,,,
H,Kengeri_3,860,1192,39,E,,,,,,,,,,
H,Kengeri_4,852,1509,77,LE,,,,,,,,,,
H,Tavarekere_2,961,906,-6,N,,,,,,,,,,
H,Tavarekere_3,871,1199,38,E,,,,,,,,,,
T,Bengaluru East,815,1101,35,E,,,,,,,,,,
H,Mahadevpura_1,815,1059,30,E,,,,,,,,,,
H,Bidarahalli_2,828,1083,31,E,,,,,,,,,,
H,Varturu_1,818,1108,35,E,,,,,,,,,,
H,K R Pura_2,855,1094,28,E,,,,,,,,,,
H,K R Pura_3,827,1126,36,E,,,,,,,,,,
H,Varturu_2,881,1018,16,N,,,,,,,,,,
H,Bidarahalli_1,821,1036,26,E,,,,,,,,,,
H,Mahadevapura_2,882,1003,14,N,,,,,,,,,,
H,Marathahalli,891,1313,47,E,,,,,,,,,,
H,Bidharahalli_3,799,1196,50,E,,,,,,,,,,
T,Yelahanka,752,1212,61,LE,,,,,,,,,,
H,Yelahanka_1,752,1277,70,LE,,,,,,,,,,
H,Yelahanka_2,785,1079,37,E,,,,,,,,,,
H,Yelahanka_3,801,1166,46,E,,,,,,,,,,
H,Jala_1,760,1055,39,E,,,,,,,,,,
H,Jala_2,763,1214,59,E,,,,,,,,,,
H,Jala_3,781,1218,56,E,,,,,,,,,,
H,Hesarughatta_1,746,1186,59,E,,,,,,,,,,
H,Hesarughatta_2,781,1286,65,LE,,,,,,,,,,
D,BENGALURU RURAL,798,1256,57,E,,,,,,,,,,
T,Devanahalli,808,1226,52,E,,,,,,,,,,
H,Devanahalli,808,1261,56,E,,,,,,,,,,
H,Channarayapatna,796,1191,50,E,,,,,,,,,,
H,Kundana,786,1249,59,E,,,,,,,,,,
H,Vijaypura,787,1201,53,E,,,,,,,,,,
T,DODDABALLAPURA,799,1305,63,LE,,,,,,,,,,
H,Dodballapur,799,1272,59,E,,,,,,,,,,
H,Dodda Belavangala,792,1277,61,LE,,,,,,,,,,
H,Madure,812,1243,53,E,,,,,,,,,,
H,Sasalu,709,1326,87,LE,,,,,,,,,,
H,Tubagere,787,1392,77,LE,,,,,,,,,,
T,HOSAKOTE,857,1240,45,E,,,,,,,,,,
H,Hosakote,857,1023,19,N,,,,,,,,,,
H,Anugondhalli,731,1188,62,LE,,,,,,,,,,
H,Jadigenhalli,796,1368,72,LE,,,,,,,,,,
H,Nandagudi,777,1381,78,LE,,,,,,,,,,
H,Sulibele,803,1141,42,E,,,,,,,,,,
T,Nelamangala,954,1224,28,E,,,,,,,,,,
H,Nelamangala,954,1188,25,E,,,,,,,,,,
H,Sompura,794,1214,53,E,,,,,,,,,,
H,Tyamagondal,877,1236,41,E,,,,,,,,,,
H,Nelamangala_2,891,1204,35,E,,,,,,,,,,
H,Sompura_2,827,1446,75,LE,,,,,,,,,,
H,Tyamagondal_2,870,1275,47,E,,,,,,,,,,
D,RAMANAGARA,840,1087,29,E,,,,,,,,,,
T,Channapatna,861,1052,22,E,,,,,,,,,,
H,Channapatna,861,1078,25,E,,,,,,,,,,
H,Maluru,843,1097,30,E,,,,,,,,,,
H,Virupakshipura,843,993,18,N,,,,,,,,,,
T,Kanakapura,797,1059,33,E,,,,,,,,,,
H,Kanakapura,797,1191,49,E,,,,,,,,,,
H,Dodda Maralavadi,828,1187,43,E,,,,,,,,,,
H,Harohalli,845,1168,38,E,,,,,,,,,,
H,Kodihalli,802,938,17,N,,,,,,,,,,
H,Satnuru,798,1055,32,E,,,,,,,,,,
H,Uyyamballi,792,901,14,N,,,,,,,,,,
T,Magadi,1000,1151,15,N,,,,,,,,,,
H,Magadi,1000,1185,19,N,,,,,,,,,,
H,Kuduru,841,1180,40,E,,,,,,,,,,
H,Madabal,968,1121,16,N,,,,,,,,,,
H,Solur,881,1207,37,E,,,,,,,,,,
H,Tippasanara,822,1017,24,E,,,,,,,,,,
T,Ramanagara,921,1106,20,E,,,,,,,,,,
H,Ramanagara_1,921,1072,16,N,,,,,,,,,,
H,Bidadi,865,1236,43,E,,,,,,,,,,
H,Kailancha,867,1053,21,E,,,,,,,,,,
H,Kutgallu,887,1065,20,E,,,,,,,,,,
H,Ramanagara_2,889,973,9,N,,,,,,,,,,
H,Kailancha_2,872,1010,16,N,,,,,,,,,,
D,KOLAR,735,1316,79,LE,,,,,,,,,,
T,Bangarapet,764,1194,56,E,,,,,,,,,,
H,Bangarapet,764,1225,60,LE,,,,,,,,,,
H,Budikote,687,1102,60,LE,,,,,,,,,,
H,Kamsandra,778,1265,63,LE,,,,,,,,,,
H,Robertsonpet,818,1233,51,E,,,,,,,,,,
T,Kolar,784,1396,78,LE,,,,,,,,,,
H,Kolar,784,1365,74,LE,,,,,,,,,,
H,Holuru,745,1312,76,LE,,,,,,,,,,
H,Huttur,768,1311,71,LE,,,,,,,,,,
H,Narasapura,753,1296,72,LE,,,,,,,,,,
H,Sugaturu,763,1462,92,LE,,,,,,,,,,
H,Vakkaleri,738,1495,103,LE,,,,,,,,,,
H,Rajakallahalli Vemagal,758,1492,97,LE,,,,,,,,,,
T,Malur,798,1164,46,E,,,,,,,,,,
H,Malur,798,1243,56,E,,,,,,,,,,
H,Lakkur,529,1229,132,LE,,,,,,,,,,
H,Masathi,633,1095,73,LE,,,,,,,,,,
H,Tyakal,649,1057,63,LE,,,,,,,,,,
T,MULABAGILU,804,1343,67,LE,,,,,,,,,,
H,Mulbagal,804,1234,54,E,,,,,,,,,,
H,Avani,775,1455,88,LE,,,,,,,,,,
H,Bairakur,734,1322,80,LE,,,,,,,,,,
H,Duggasandra,753,1375,83,LE,,,,,,,,,,
H,Tayilur,708,1289,82,LE,,,,,,,,,,
T,Srinivasapura,758,1458,92,LE,,,,,,,,,,
H,Srinivasapura,758,1455,92,LE,,,,,,,,,,
H,Nelavanki,664,1966,196,LE,,,,,,,,,,
H,Ronuru,711,1257,77,LE,,,,,,,,,,
H,Rayalpadu,639,1435,124,LE,,,,,,,,,,
H,Yelldur,710,1244,75,LE,,,,,,,,,,
T,K.G.F,890,1169,31,E,,,,,,,,,,
H,Betamangala,797,1126,41,E,,,,,,,,,,
H,Kyasamballi,785,1218,55,E,,,,,,,,,,
H,Robertsonpet,890,1146,29,E,,,,,,,,,,
D,CHIKKABALLAPURA,736,1269,73,LE,,,,,,,,,,
T,Bagepalli,695,1121,61,LE,,,,,,,,,,
H,Bagepalli,695,1132,63,LE,,,,,,,,,,
H,Chelur,706,1228,74,LE,,,,,,,,,,
H,Guluru,696,991,42,E,,,,,,,,,,
H,Mittemari,715,1184,66,LE,,,,,,,,,,
H,Pathapalya,701,1117,59,E,,,,,,,,,,
T,CHIKKABALLAPURA,828,1311,58,E,,,,,,,,,,
H,Chikballapura,828,1315,59,E,,,,,,,,,,
H,Mandikal,723,1299,80,LE,,,,,,,,,,
H,Nandi,808,1335,65,LE,,,,,,,,,,
T,Chintamani,787,1311,67,LE,,,,,,,,,,
H,Chintamani,787,1408,79,LE,,,,,,,,,,
H,Ambajidurga,768,1238,61,LE,,,,,,,,,,
H,Chilakalanerpu,722,1181,63,LE,,,,,,,,,,
H,Kaiwara,736,1356,84,LE,,,,,,,,,,
H,Munganahalli,730,1345,84,LE,,,,,,,,,,
H,Murugamale,749,1409,88,LE,,,,,,,,,,
T,Gauribidanur,704,1331,89,LE,,,,,,,,,,
H,Gauribidanur,704,1193,69,LE,,,,,,,,,,
H,D.Palya,713,1533,115,LE,,,,,,,,,,
H,Hosur,709,1175,66,LE,,,,,,,,,,
H,Manchenahalli,786,1342,71,LE,,,,,,,,,,
H,Nagaragere,695,1374,98,LE,,,,,,,,,,
H,Tondebavi,758,1481,95,LE,,,,,,,,,,
T,Gudibanda,694,1181,70,LE,,,,,,,,,,
H,Gudibanda,694,1244,79,LE,,,,,,,,,,
H,Somenahalli,728,1129,55,E,,,,,,,,,,
T,Sidlaghatta,763,1313,72,LE,,,,,,,,,,
H,Sidlaghatta,763,1404,84,LE,,,,,,,,,,
H,Bashattahalli,765,1324,73,LE,,,,,,,,,,
H,Jangamakote,776,1290,66,LE,,,,,,,,,,
H,Sadali,735,1223,66,LE,,,,,,,,,,
D,TUMAKURU,669,1109,66,LE,,,,,,,,,,
T,CHIKKANAYAKANAHALLI,761,1112,46,E,,,,,,,,,,
H,Chiknayakanahalli,761,1237,63,LE,,,,,,,,,,
H,Handanakere,595,1018,71,LE,,,,,,,,,,
H,Huliyaru,504,1083,115,LE,,,,,,,,,,
H,Kandikere,610,1218,100,LE,,,,,,,,,,
H,Shettikeri,700,1091,56,E,,,,,,,,,,
T,Gubbi,809,1228,52,E,,,,,,,,,,
H,Gubbi,809,1262,56,E,,,,,,,,,,
H,Chandrashekerapura,692,1213,75,LE,,,,,,,,,,
H,Chelur,729,1161,59,E,,,,,,,,,,
H,Hagalavadi,655,1267,93,LE,,,,,,,,,,
H,Kadaba,787,1122,43,E,,,,,,,,,,
H,Nittur,789,1315,67,LE,,,,,,,,,,
T,Koratagere,777,1238,59,E,,,,,,,,,,
H,Koratagere,777,1071,38,E,,,,,,,,,,
H,Chennarayadurga,787,1440,83,LE,,,,,,,,,,
H,Holanahalli,768,1127,47,E,,,,,,,,,,
H,Kolala,720,1234,71,LE,,,,,,,,,,
T,Kunigal,825,1196,45,E,,,,,,,,,,
H,Kunigal,825,1304,58,E,,,,,,,,,,
H,Amrutur,675,1261,87,LE,,,,,,,,,,
H,Huliyurudurga,741,1164,57,E,,,,,,,,,,
H,Huttariduraga,799,1268,59,E,,,,,,,,,,
H,Kottagere,752,1073,43,E,,,,,,,,,,
H,Yedeyur,669,1143,71,LE,,,,,,,,,,
T,Madhugiri,730,1032,41,E,,,,,,,,,,
H,Madhugiri,730,1065,46,E,,,,,,,,,,
H,Dodderi,594,1119,88,LE,,,,,,,,,,
H,Itakadibbanahalli,616,1077,75,LE,,,,,,,,,,
H,Kodigenahalli,632,891,41,E,,,,,,,,,,
H,Midigesi,553,1002,81,LE,,,,,,,,,,
H,Puravara,674,1011,50,E,,,,,,,,,,
T,Pavagada,611,894,46,E,,,,,,,,,,
H,Pavagada,611,962,57,E,,,,,,,,,,
H,Nagalamadike,588,840,43,E,,,,,,,,,,
H,Nidagal,518,955,84,LE,,,,,,,,,,
H,Yellappanayakana Hosakote,532,860,62,LE,,,,,,,,,,
T,Sira,638,1023,60,LE,,,,,,,,,,
H,Sira,638,945,48,E,,,,,,,,,,
H,Bukkaptna,579,1088,88,LE,,,,,,,,,,
H,Gowdagere,581,938,62,LE,,,,,,,,,,
H,Hulikunta,506,1005,99,LE,,,,,,,,,,
H,Kallambella,606,1178,94,LE,,,,,,,,,,
T,Tiptur,731,1196,64,LE,,,,,,,,,,
H,Tiptur,731,1236,69,LE,,,,,,,,,,
H,Honnavalli,705,1170,66,LE,,,,,,,,,,
H,Kibbanahalli,607,1241,104,LE,,,,,,,,,,
H,Nonavinakere,720,1165,62,LE,,,,,,,,,,
T,Tumakuru,830,1228,48,E,,,,,,,,,,
H,Tumakuru North,830,1189,43,E,,,,,,,,,,
H,Bellavi,788,1249,59,E,,,,,,,,,,
H,Guluru,869,1070,23,E,,,,,,,,,,
H,Hebbur,678,1198,77,LE,,,,,,,,,,
H,Uradigere,682,1169,71,LE,,,,,,,,,,
H,Kora,788,1528,94,LE,,,,,,,,,,
H,Tumakuru East,844,1129,34,E,,,,,,,,,,
H,Tumakuru West,839,1079,29,E,,,,,,,,,,
H,Tumakuru South,846,1041,23,E,,,,,,,,,,
T,Turuvekere,772,1104,43,E,,,,,,,,,,
H,Turuvekere,772,1079,40,E,,,,,,,,,,
H,Dabbegatta,605,1058,75,LE,,,,,,,,,,
H,Dandinasivara,707,1079,53,E,,,,,,,,,,
H,Mayasandra,657,1186,81,LE,,,,,,,,,,
D,CHITRADURGA,540,872,61,LE,,,,,,,,,,
T,Challakere,485,779,61,LE,,,,,,,,,,
H,Challakere,485,813,68,LE,,,,,,,,,,
H,Nayakanahatti,428,691,62,LE,,,,,,,,,,
H,Parasurampura,410,814,98,LE,,,,,,,,,,
H,Thalku,392,782,100,LE,,,,,,,,,,
T,Chitradurga,666,896,35,E,,,,,,,,,,
H,Chitradurga,666,849,28,E,,,,,,,,,,
H,Bharmasagara,601,1007,67,LE,,,,,,,,,,
H,Hire Guntanur,576,855,48,E,,,,,,,,,,
H,Turuvanur,581,891,53,E,,,,,,,,,,
T,Hiriyur,578,884,53,E,,,,,,,,,,
H,Hiriyur,578,922,59,E,,,,,,,,,,
H,Aymangala,517,787,52,E,,,,,,,,,,
H,Dharmapura,481,881,83,LE,,,,,,,,,,
H,Javanagondanahalli,562,977,74,LE,,,,,,,,,,
T,Holalkere,722,849,18,N,,,,,,,,,,
H,Holalkere,722,861,19,N,,,,,,,,,,
H,Bharmanaikanadurga,648,668,3,N,,,,,,,,,,
H,Ramagiri,535,938,75,LE,,,,,,,,,,
H,Talya,650,899,38,E,,,,,,,,,,
T,Hosadurga,648,1100,70,LE,,,,,,,,,,
H,Hosadurga,648,950,47,E,,,,,,,,,,
H,Madadhakeri,573,1003,75,LE,,,,,,,,,,
H,Mathodu,580,1291,122,LE,,,,,,,,,,
H,Srirampura,564,1269,125,LE,,,,,,,,,,
T,Molakalmuru,545,651,19,E,,,,,,,,,,
H,Molakalmuru,545,662,21,E,,,,,,,,,,
H,Devasamudra,400,634,58,E,,,,,,,,,,
D,DAVANAGERE,659,987,50,E,,,,,,,,,,
T,Channagiri,840,1057,26,E,,,,,,,,,,
H,Channagiri,840,1159,38,E,,,,,,,,,,
H,Basavapatna_1,703,1182,68,LE,,,,,,,,,,
H,Basavapatna_2,682,823,21,E,,,,,,,,,,
H,Santebannur_1,710,993,40,E,,,,,,,,,,
H,Santebannur_2,741,1039,40,E,,,,,,,,,,
H,Ubrani,752,988,31,E,,,,,,,,,,
T,Davanagere,641,1028,60,LE,,,,,,,,,,
H,Davangere,641,965,51,E,,,,,,,,,,
H,Anogodu,599,1107,85,LE,,,,,,,,,,
H,Mayakonda,639,1004,57,E,,,,,,,,,,
T,HARIHARA,630,993,58,E,,,,,,,,,,
H,Harihara,630,968,54,E,,,,,,,,,,
H,Malebennur,586,1013,73,LE,,,,,,,,,,
T,Honnali,662,1026,55,E,,,,,,,,,,
H,Honnali,662,1012,53,E,,,,,,,,,,
H,Govinakovi_2,667,969,45,E,,,,,,,,,,
H,Sasavehalli_1,719,1119,56,E,,,,,,,,,,
H,Sasavehalli_2,640,978,53,E,,,,,,,,,,
T,Jagalur,528,742,41,E,,,,,,,,,,
H,Jagalur,528,717,36,E,,,,,,,,,,
H,Bilichodu,504,808,60,LE,,,,,,,,,,
H,Sokke,574,711,24,E,,,,,,,,,,
T,Nyamati,826,1239,50,E,,,,,,,,,,
H,Belagutti,826,1309,59,E,,,,,,,,,,
H,Govinakovi_1,710,1030,45,E,,,,,,,,,,
D,CHAMARAJANAGARA,787,906,15,N,,,,,,,,,,
T,CHAMARAJANAGARA,770,915,19,N,,,,,,,,,,
H,Chamarajanagara,770,859,12,N,,,,,,,,,,
H,Chandakavadi,793,1005,27,E,,,,,,,,,,
H,Haradanhalli,774,856,11,N,,,,,,,,,,
H,Harve,752,868,15,N,,,,,,,,,,
H,Santemarahalli,838,918,10,N,,,,,,,,,,
T,Gundlupet,792,828,5,N,,,,,,,,,,
H,Gundlupet,792,719,-9,N,,,,,,,,,,
H,Begur,648,763,18,N,,,,,,,,,,
H,Terakanambi,766,817,7,N,,,,,,,,,,
H,Hangala,784,889,13,N,,,,,,,,,,
T,Kollegal,843,886,5,N,,,,,,,,,,
H,Kollegala,843,877,4,N,,,,,,,,,,
H,Palya,802,891,11,N,,,,,,,,,,
T,Yelandur,867,981,13,N,,,,,,,,,,
H,Yelandur,867,971,12,N,,,,,,,,,,
H,Agara,771,985,28,E,,,,,,,,,,
T,Hanur,754,939,25,E,,,,,,,,,,
H,Hanur,754,820,9,N,,,,,,,,,,
H,Lokkanahalli,781,903,16,N,,,,,,,,,,
H,Ramapura,811,995,23,E,,,,,,,,,,
D,MYSURU,837,955,14,N,,,,,,,,,,
T,HEGGADADEVANAKOTE,837,983,18,N,,,,,,,,,,
H,Heggadadevanakote,837,960,15,N,,,,,,,,,,
H,Antarasante,1031,1046,1,N,,,,,,,,,,
H,Hampapura,764,877,15,N,,,,,,,,,,
T,Hunsur,799,938,17,N,,,,,,,,,,
H,Hunsur,799,908,14,N,,,,,,,,,,
H,Bilikere,764,951,24,E,,,,,,,,,,
H,Gowdargyare,767,941,23,E,,,,,,,,,,
H,Hanagoadu,976,944,-3,N,,,,,,,,,,
T,Krishnarajanagar,735,923,26,E,,,,,,,,,,
H,Krishnarajanagar,735,884,20,E,,,,,,,,,,
H,Chanachanakatte,698,956,37,E,,,,,,,,,,
H,Hebbalu,721,848,18,N,,,,,,,,,,
H,Hasa Agrahar,682,842,24,E,,,,,,,,,,
H,Mirale,690,978,42,E,,,,,,,,,,
H,Saligram,662,1002,51,E,,,,,,,,,,
T,Mysuru,810,1070,32,E,,,,,,,,,,
H,Mysuru,810,1122,38,E,,,,,,,,,,
H,Elivala,757,974,29,E,,,,,,,,,,
H,Jayapura,774,1083,40,E,,,,,,,,,,
H,Varuna,738,1083,47,E,,,,,,,,,,
T,Nanjanagud,730,847,16,N,,,,,,,,,,
H,Nanjangud,730,805,10,N,,,,,,,,,,
H,Biligere,726,869,20,E,,,,,,,,,,
H,Chikkayyana Chattra,732,1058,44,E,,,,,,,,,,
H,Hullahalli,788,778,-1,N,,,,,,,,,,
H,Doddakowlande,731,832,14,N,,,,,,,,,,
T,Periyapatna,852,987,16,N,,,,,,,,,,
H,Periyapatna,852,970,14,N,,,,,,,,,,
H,Bettadpur,770,993,29,E,,,,,,,,,,
H,Haranahalli,957,1079,13,N,,,,,,,,,,
H,Ravanduru,810,864,7,N,,,,,,,,,,
T,T.NARASIPURA,738,1006,36,E,,,,,,,,,,
H,T.Narasipur,738,1099,49,E,,,,,,,,,,
H,Bannur,721,1000,39,E,,,,,,,,,,
H,Muguru,781,894,14,N,,,,,,,,,,
H,Sosale,738,1092,48,E,,,,,,,,,,
H,Talakad,777,942,21,E,,,,,,,,,,
T,Saraguru,949,898,-5,N,,,,,,,,,,
H,Saraguru,949,860,-9,N,,,,,,,,,,
H,B.Matakere,937,923,-2,N,,,,,,,,,,
D,MANDYA,699,1011,45,E,,,,,,,,,,
T,Krishnarajapet,747,925,24,E,,,,,,,,,,
H,Krishnarajapet,747,945,26,E,,,,,,,,,,
H,Akkihebalu,699,784,12,N,,,,,,,,,,
H,Bukanakere,700,788,13,N,,,,,,,,,,
H,Kikkeri,719,856,19,N,,,,,,,,,,
H,Santebachahalli,652,1107,70,LE,,,,,,,,,,
H,Silanare,698,1050,51,E,,,,,,,,,,
T,Maddur,767,973,27,E,,,,,,,,,,
H,Madduru_2,767,1005,31,E,,,,,,,,,,
H,Koppa_2,883,959,9,N,,,,,,,,,,
H,Chikkaarasinakere_1,753,982,30,E,,,,,,,,,,
H,Autaguru,779,1146,47,E,,,,,,,,,,
H,Madduru_1,758,972,28,E,,,,,,,,,,
H,Koppa_2,739,990,34,E,,,,,,,,,,
H,Koppa_1,832,913,10,N,,,,,,,,,,
H,Koppa_3,769,968,26,E,,,,,,,,,,
H,Chikaarasinakere_2,742,797,7,N,,,,,,,,,,
H,Chikaarasinakere_3,734,734,0,N,,,,,,,,,,
T,Malavalli,703,973,39,E,,,,,,,,,,
H,Malavalli_1,703,925,32,E,,,,,,,,,,
H,Halaguru,799,980,23,E,,,,,,,,,,
H,Kirgavalu_1,719,1128,57,E,,,,,,,,,,
H,B G Pura_2,778,1024,32,E,,,,,,,,,,
H,Malavalli_2,748,864,15,N,,,,,,,,,,
H,Malavalli_3,772,839,9,N,,,,,,,,,,
H,Kirgavalu_2,721,935,30,E,,,,,,,,,,
H,Kirgavalu_3,719,1007,40,E,,,,,,,,,,
H,B G Pura_1,773,989,28,E,,,,,,,,,,
T,Mandya,699,1008,44,E,,,,,,,,,,
H,Mandya_1,699,930,33,E,,,,,,,,,,
H,Basaralu_1,610,999,64,LE,,,,,,,,,,
H,Dudda_1,649,1016,57,E,,,,,,,,,,
H,Keragodu_1,735,1263,72,LE,,,,,,,,,,
H,Kottatti_1,697,899,29,E,,,,,,,,,,
H,Mandya_2,737,920,25,E,,,,,,,,,,
H,Kottatti_2,709,941,33,E,,,,,,,,,,
H,Keragodu_2,747,1202,61,LE,,,,,,,,,,
H,Dudda_2,681,961,41,E,,,,,,,,,,
H,Basaralu_2,796,941,18,N,,,,,,,,,,
T,Nagamangala,765,1147,50,E,,,,,,,,,,
H,Nagamangala,765,1109,45,E,,,,,,,,,,
H,Belluru,520,1415,172,LE,,,,,,,,,,
H,Bendaganavele,556,1186,113,LE,,,,,,,,,,
H,Devalapura,692,1081,56,E,,,,,,,,,,
H,Honakere,465,980,111,LE,,,,,,,,,,
T,Pandavapura,679,1001,47,E,,,,,,,,,,
H,Pandavapura_1,679,971,43,E,,,,,,,,,,
H,Chinkurali,684,1022,49,E,,,,,,,,,,
H,Melukote,702,1013,44,E,,,,,,,,,,
H,Pandavapura_2,660,949,44,E,,,,,,,,,,
T,Srirangapatna,638,1006,58,E,,,,,,,,,,
H,Srirangapatna,638,1031,62,LE,,,,,,,,,,
H,Arakere,701,1038,48,E,,,,,,,,,,
H,Belagola,748,818,9,N,,,,,,,,,,
H,K Shettihalli_2,650,1070,65,LE,,,,,,,,,,
H,K Shettihalli_1,643,1084,69,LE,,,,,,,,,,
D,BALLARI,599,684,14,N,,,,,,,,,,
T,Ballari,516,710,38,E,,,,,,,,,,
H,Ballari,516,670,30,E,,,,,,,,,,
H,Moka,524,711,36,E,,,,,,,,,,
H,Rupanagudi,505,824,63,LE,,,,,,,,,,
H,Koluru,525,609,16,N,,,,,,,,,,
T,KUDLIGI,590,696,18,N,,,,,,,,,,
H,Kudligi,590,818,39,E,,,,,,,,,,
H,Gudekote,521,602,15,N,,,,,,,,,,
H,Hosahalli,504,742,47,E,,,,,,,,,,
T,Sandur,819,786,-4,N,,,,,,,,,,
H,Sandur,819,800,-2,N,,,,,,,,,,
H,Choranuru,627,824,31,E,,,,,,,,,,
H,Toranagallu,612,710,16,N,,,,,,,,,,
T,Siruguppa,675,631,-7,N,,,,,,,,,,
H,Siruguppa,675,633,-6,N,,,,,,,,,,
H,Hachcholli,655,634,-3,N,,,,,,,,,,
H,Karuru,563,677,20,E,,,,,,,,,,
H,Tekkalakote,630,597,-5,N,,,,,,,,,,
T,Kurugodu,499,616,23,E,,,,,,,,,,
H,Kurugodu,499,582,16,N,,,,,,,,,,
H,Koluru,514,667,30,E,,,,,,,,,,
D,KOPPALA,614,640,4,N,,,,,,,,,,
T,Gangavathi,583,589,1,N,,,,,,,,,,
H,Gangavathi,583,674,16,N,,,,,,,,,,
H,Marali,571,509,-11,N,,,,,,,,,,
H,Venkatagiri,586,582,-1,N,,,,,,,,,,
T,KOPPALA,635,727,14,N,,,,,,,,,,
H,Koppal,635,899,42,E,,,,,,,,,,
H,Alawandi,587,603,3,N,,,,,,,,,,
H,Hitnal,640,667,4,N,,,,,,,,,,
H,Irkalgada,627,706,13,N,,,,,,,,,,
T,Kushtagi,597,648,9,N,,,,,,,,,,
H,Kushtagi,597,633,6,N,,,,,,,,,,
H,Hanumanhal,658,654,-1,N,,,,,,,,,,
H,Hanamsagar,627,578,-8,N,,,,,,,,,,
H,Tavaragera,591,744,26,E,,,,,,,,,,
T,Yelburga,597,596,0,N,,,,,,,,,,
H,Yelburga,597,599,0,N,,,,,,,,,,
H,Hire Wankalkunti,595,615,3,N,,,,,,,,,,
T,Karatagi,640,551,-14,N,,,,,,,,,,
H,Karatgi,640,566,-12,N,,,,,,,,,,
H,Siddapur,593,539,-9,N,,,,,,,,,,
T,Kukanuru,693,617,-11,N,,,,,,,,,,
H,Kukanoor,693,600,-13,N,,,,,,,,,,
H,Manglur,630,658,4,N,,,,,,,,,,
T,Kanakagiri,525,590,12,N,,,,,,,,,,
H,Kanakagiri,525,580,10,N,,,,,,,,,,
H,Hulihaider,558,677,21,E,,,,,,,,,,
H,Nauli,595,548,-8,N,,,,,,,,,,
D,RAICHUR,654,624,-5,N,,,,,,,,,,
T,Deodurga,759,567,-25,D,,,,,,,,,,
H,Devadurga,759,643,-15,N,,,,,,,,,,
H,Arakeri,658,491,-25,D,,,,,,,,,,
H,Gabbur,683,565,-17,N,,,,,,,,,,
H,Jalihalli,690,548,-21,D,,,,,,,,,,
T,Lingsugur,631,643,2,N,,,,,,,,,,
H,Lingasuguru,631,670,6,N,,,,,,,,,,
H,Gurgunta,622,628,1,N,,,,,,,,,,
H,Mudgal,624,642,3,N,,,,,,,,,,
T,Manvi,652,656,1,N,,,,,,,,,,
H,Manvi,652,614,-6,N,,,,,,,,,,
H,Hire Katankal,644,780,21,E,,,,,,,,,,
H,Kurdi,663,590,-11,N,,,,,,,,,,
T,Raichur,736,601,-18,N,,,,,,,,,,
H,Raichur,736,628,-15,N,,,,,,,,,,
H,Chandrabanda,733,571,-22,D,,,,,,,,,,
H,Devarsugur,723,586,-19,N,,,,,,,,,,
H,Gilasuguru,610,563,-8,N,,,,,,,,,,
H,Kalmali,678,624,-8,N,,,,,,,,,,
H,Yergara,763,632,-17,N,,,,,,,,,,
T,Sindhanur,691,620,-10,N,,,,,,,,,,
H,Sindhanur,691,590,-15,N,,,,,,,,,,
H,Badarli,663,741,12,N,,,,,,,,,,
H,Gorebal,649,519,-20,D,,,,,,,,,,
H,Gunjihalli,634,623,-2,N,,,,,,,,,,
H,Hadganhal,655,650,-1,N,,,,,,,,,,
H,Huda,650,650,0,N,,,,,,,,,,
H,Jalihal,638,460,-28,D,,,,,,,,,,
H,Jawalgeri,656,740,13,N,,,,,,,,,,
H,Kunatgi,660,624,-5,N,,,,,,,,,,
H,Salgundi,660,668,1,N,,,,,,,,,,
H,Turvihal,627,602,-4,N,,,,,,,,,,
H,Walkamdinni,645,755,17,N,,,,,,,,,,
T,Maski,558,714,28,E,,,,,,,,,,
H,Maski,558,649,16,N,,,,,,,,,,
H,Halapur,586,778,33,E,,,,,,,,,,
H,Pamankallur,601,794,32,E,,,,,,,,,,
H,Balganur,598,665,11,N,,,,,,,,,,
H,Gunjihalli,609,675,11,N,,,,,,,,,,
H,Turvihal,603,987,64,LE,,,,,,,,,,
H,Gudadur,573,641,12,N,,,,,,,,,,
H,Lingsugur,592,704,19,N,,,,,,,,,,
T,Sirivara,589,573,-3,N,,,,,,,,,,
H,Sirwar,589,528,-10,N,,,,,,,,,,
H,Kallur,671,530,-21,D,,,,,,,,,,
H,Mallat,624,621,-1,N,,,,,,,,,,
H,Kavital,622,611,-2,N,,,,,,,,,,
D,KALABURAGI,770,943,22,E,,,,,,,,,,
T,Afzalpur,692,825,19,N,,,,,,,,,,
H,Afzalpur,692,753,9,N,,,,,,,,,,
H,Atanur,707,915,29,E,,,,,,,,,,
H,Karajgi,664,751,13,N,,,,,,,,,,
T,Aland,763,994,30,E,,,,,,,,,,
H,Aland,763,1013,33,E,,,,,,,,,,
H,Khajuri,757,1087,44,E,,,,,,,,,,
H,Madana Hipparga,735,943,28,E,,,,,,,,,,
H,Narona,766,901,18,N,,,,,,,,,,
H,Nimbarga Tanda,761,959,26,E,,,,,,,,,,
T,Chincholi,913,920,1,N,,,,,,,,,,
H,Chincholi,913,891,-2,N,,,,,,,,,,
H,Ainapur,783,970,24,E,,,,,,,,,,
H,Sulepet,874,851,-3,N,,,,,,,,,,
H,Kodli Chincholi,896,1019,14,N,,,,,,,,,,
T,CHITTAPUR,771,1066,38,E,,,,,,,,,,
H,Chittapur,771,1073,39,E,,,,,,,,,,
H,Gundgurti,777,1158,49,E,,,,,,,,,,
H,Nalavara,791,1000,26,E,,,,,,,,,,
T,Kalaburagi,794,1036,31,E,,,,,,,,,,
H,Kalaburagi,794,1047,32,E,,,,,,,,,,
H,Aurad,777,1070,38,E,,,,,,,,,,
H,Farhatabad,779,939,21,E,,,,,,,,,,
H,Pattan,772,1049,36,E,,,,,,,,,,
T,Jevargi,805,819,2,N,,,,,,,,,,
H,Jewargi,805,823,2,N,,,,,,,,,,
H,Andola,792,858,8,N,,,,,,,,,,
H,Nelogi,753,747,-1,N,,,,,,,,,,
T,Sedam,791,913,15,N,,,,,,,,,,
H,Sedam,791,910,15,N,,,,,,,,,,
H,Adki,807,883,9,N,,,,,,,,,,
H,Kodla,799,928,16,N,,,,,,,,,,
H,Mudhol,807,866,7,N,,,,,,,,,,
T,Kalagi,766,1263,65,LE,,,,,,,,,,
H,Kalagi,766,1311,71,LE,,,,,,,,,,
H,Kodli,774,1193,54,E,,,,,,,,,,
H,Gundgurti,773,1223,58,E,,,,,,,,,,
T,Kamalapura,762,959,26,E,,,,,,,,,,
H,Kamalapur,762,944,24,E,,,,,,,,,,
H,Mahagaon Tanda,772,985,28,E,,,,,,,,,,
H,Narona,770,889,15,N,,,,,,,,,,
H,Ainapur,780,1049,35,E,,,,,,,,,,
T,Yadrami,687,630,-8,N,,,,,,,,,,
H,Yadrami,687,652,-5,N,,,,,,,,,,
H,Ijeri,750,592,-21,D,,,,,,,,,,
T,Shahbadha,758,1036,37,E,,,,,,,,,,
H,Shahabad,758,1020,34,E,,,,,,,,,,
D,BIDAR,838,907,8,N,,,,,,,,,,
T,Aurad,854,984,15,N,,,,,,,,,,
H,Aurad,854,875,2,N,,,,,,,,,,
H,Chintaki,872,1077,23,E,,,,,,,,,,
H,Santpur,874,996,14,N,,,,,,,,,,
T,Bidar,939,917,-2,N,,,,,,,,,,
H,Bidar,939,1017,8,N,,,,,,,,,,
H,Bagadhal,843,935,11,N,,,,,,,,,,
H,Bidar South,935,894,-4,N,,,,,,,,,,
H,Janwada,909,826,-9,N,,,,,,,,,,
H,Kamthana,906,941,4,N,,,,,,,,,,
H,Manalli,890,849,-5,N,,,,,,,,,,
T,Bhalki,874,942,8,N,,,,,,,,,,
H,Bhalki,874,901,3,N,,,,,,,,,,
H,Halburga,875,859,-2,N,,,,,,,,,,
H,Khatak Chincholi,833,823,-1,N,,,,,,,,,,
H,Lakangaon,877,995,13,N,,,,,,,,,,
H,Nittur Buzurg,873,1151,32,E,,,,,,,,,,
H,Saigaon,769,868,13,N,,,,,,,,,,
T,Basavakalyan,790,833,5,N,,,,,,,,,,
H,Basavakalyan,790,805,2,N,,,,,,,,,,
H,Kohinoor,775,829,7,N,,,,,,,,,,
H,Matala,787,816,4,N,,,,,,,,,,
H,Mudabi,779,816,5,N,,,,,,,,,,
H,Rajeshwar,813,882,8,N,,,,,,,,,,
T,Humnabad,834,851,2,N,,,,,,,,,,
H,Humnabad,834,836,0,N,,,,,,,,,,
H,Dubalgundi,822,860,5,N,,,,,,,,,,
H,Hallikheda,827,846,2,N,,,,,,,,,,
T,Chittaguppa,759,842,11,N,,,,,,,,,,
H,Chitguppa,759,853,12,N,,,,,,,,,,
H,Bhimalkhed,838,797,-5,N,,,,,,,,,,
H,Nirna,794,854,8,N,,,,,,,,,,
T,Kamalanagara,902,949,5,N,,,,,,,,,,
H,Kamalnagar,902,806,-11,N,,,,,,,,,,
H,Dabaka C.,877,1009,15,N,,,,,,,,,,
H,Thanakushanur,873,1097,26,E,,,,,,,,,,
T,Hulasuru,739,886,20,E,,,,,,,,,,
H,Hulsoor,739,873,18,N,,,,,,,,,,
D,BELAGAVI,826,983,19,N,,,,,,,,,,
T,Athani,539,515,-4,N,,,,,,,,,,
H,Athani,539,488,-9,N,,,,,,,,,,
H,Anantapur,517,569,10,N,,,,,,,,,,
H,Telsang,507,487,-4,N,,,,,,,,,,
T,Bailhongal,816,1008,23,E,,,,,,,,,,
H,Bailhongal,816,968,19,N,,,,,,,,,,
H,Nesargi,771,1034,34,E,,,,,,,,,,
T,Belagavi,1363,1319,-3,N,,,,,,,,,,
H,Belagavi,1363,1330,-2,N,,,,,,,,,,
H,Hirebagevadi,1041,1180,13,N,,,,,,,,,,
H,Kakti,1131,1193,6,N,,,,,,,,,,
H,Uchagaon,1341,1553,16,N,,,,,,,,,,
T,Chikkodi,666,852,28,E,,,,,,,,,,
H,Chikkodi,666,863,30,E,,,,,,,,,,
H,Nagaramonnali,634,862,36,E,,,,,,,,,,
H,Sadalgi,663,785,18,N,,,,,,,,,,
T,Gokak,524,699,33,E,,,,,,,,,,
H,Gokak,524,766,46,E,,,,,,,,,,
H,Kowjalgi,537,568,6,N,,,,,,,,,,
H,Arbhavi,560,665,19,N,,,,,,,,,,
T,Hukkeri,649,955,47,E,,,,,,,,,,
H,Hukkeri,649,900,39,E,,,,,,,,,,
H,Sankeswar,812,1041,28,E,,,,,,,,,,
H,Yamkanmardi,685,929,36,E,,,,,,,,,,
T,Khanapur,1950,2145,10,N,,,,,,,,,,
H,Khanapur,1950,1638,-16,N,,,,,,,,,,
H,Bidi,1413,1442,2,N,,,,,,,,,,
H,Gunji,2263,2394,6,N,,,,,,,,,,
H,Jamboti,1856,2456,32,E,,,,,,,,,,
T,RAMADURGA,540,682,26,E,,,,,,,,,,
H,Ramdurg,540,626,16,N,,,,,,,,,,
H,Bidki,534,679,27,E,,,,,,,,,,
H,Katkol,536,782,46,E,,,,,,,,,,
H,Mudkavi,543,575,6,N,,,,,,,,,,
T,Raibagh,483,582,21,E,,,,,,,,,,
H,Raibagh,483,596,23,E,,,,,,,,,,
H,Kudchi,529,570,8,N,,,,,,,,,,
T,Soundatti,568,848,49,E,,,,,,,,,,
H,Savadatti,568,837,47,E,,,,,,,,,,
H,Manoli,562,649,15,N,,,,,,,,,,
H,Muragoda,607,946,56,E,,,,,,,,,,
H,Yargatti,533,949,78,LE,,,,,,,,,,
T,Kitthuru,1036,1200,16,N,,,,,,,,,,
H,Kittur,1036,1182,14,N,,,,,,,,,,
T,Nippani,838,1025,22,E,,,,,,,,,,
H,Nippani,838,1117,33,E,,,,,,,,,,
H,Sadalgi,767,877,14,N,,,,,,,,,,
T,Kagavada,541,569,5,N,,,,,,,,,,
H,Kagwad,541,566,5,N,,,,,,,,,,
T,Mudagali,534,570,7,N,,,,,,,,,,
H,Arbhavi,534,584,10,N,,,,,,,,,,
H,Kowjalgi,529,560,6,N,,,,,,,,,,
D,BAGALKOTE,582,550,-6,N,,,,,,,,,,
T,Badami,600,585,-2,N,,,,,,,,,,
H,Badami,600,570,-5,N,,,,,,,,,,
H,Kerur,570,556,-2,N,,,,,,,,,,
H,Kulgeri,583,612,5,N,,,,,,,,,,
T,Bagalkote,613,521,-15,N,,,,,,,,,,
H,Bagalkote,613,597,-3,N,,,,,,,,,,
H,Kaladgi,548,441,-19,N,,,,,,,,,,
H,Rampura,612,495,-19,N,,,,,,,,,,
T,Bilgi,609,501,-18,N,,,,,,,,,,
H,Bilgi,609,500,-18,N,,,,,,,,,,
H,Anagvadi,599,498,-17,N,,,,,,,,,,
T,Hungund,670,687,3,N,,,,,,,,,,
H,Hungund,670,700,5,N,,,,,,,,,,
H,Amingarh,633,677,7,N,,,,,,,,,,
H,Karadi,652,669,3,N,,,,,,,,,,
T,Jamkhandi,548,445,-19,N,,,,,,,,,,
H,Jamakhandi,548,424,-23,D,,,,,,,,,,
H,Savalagi,530,462,-13,N,,,,,,,,,,
H,Terdal,543,441,-19,N,,,,,,,,,,
T,Mudhol,532,512,-4,N,,,,,,,,,,
H,Mudhol,532,490,-8,N,,,,,,,,,,
H,Lokapur,473,535,13,N,,,,,,,,,,
T,Guledagudda,607,653,8,N,,,,,,,,,,
H,Guledagudda,607,647,7,N,,,,,,,,,,
T,Ilkal,651,667,2,N,,,,,,,,,,
H,Ilkal,651,645,-1,N,,,,,,,,,,
H,Amingarh,636,640,1,N,,,,,,,,,,
H,Karadi,654,756,16,N,,,,,,,,,,
T,Rabakavi Banahatti,496,404,-19,N,,,,,,,,,,
H,Terdal,496,405,-18,N,,,,,,,,,,
H,Mudhol,550,408,-26,D,,,,,,,,,,
D,VIJAYAPURA,591,587,-1,N,,,,,,,,,,
T,BAGEVADI,669,574,-14,N,,,,,,,,,,
H,Basavana Bagewadi,669,576,-14,N,,,,,,,,,,
H,Huvin Hippargi,647,603,-7,N,,,,,,,,,,
H,Managuli,608,544,-11,N,,,,,,,,,,
T,Vijayapura,671,584,-13,N,,,,,,,,,,
H,Vijayapura,671,581,-13,N,,,,,,,,,,
H,Nagathan,392,588,50,E,,,,,,,,,,
T,Indi,620,579,-7,N,,,,,,,,,,
H,Indi,620,583,-6,N,,,,,,,,,,
H,Ballolli,563,564,0,N,,,,,,,,,,
T,Muddebihal,652,561,-14,N,,,,,,,,,,
H,Muddebihal,652,566,-13,N,,,,,,,,,,
H,Dhavalagi,638,591,-7,N,,,,,,,,,,
H,Nalatvad,691,528,-24,D,,,,,,,,,,
T,Sindgi,658,635,-3,N,,,,,,,,,,
H,Sindhagi,658,618,-6,N,,,,,,,,,,
H,Almel,646,652,1,N,,,,,,,,,,
T,Babaleshwara,545,468,-14,N,,,,,,,,,,
H,Babaleshwar,545,422,-23,D,,,,,,,,,,
H,Mamdapur,569,572,1,N,,,,,,,,,,
T,Chadachana,552,662,20,E,,,,,,,,,,
H,Chadchan,552,660,19,E,,,,,,,,,,
T,Nidagundi,616,479,-22,D,,,,,,,,,,
H,Nidagundi,616,463,-25,D,,,,,,,,,,
H,Basavana Bagewadi,631,450,-29,D,,,,,,,,,,
H,Huvin Hipprgi,629,532,-15,N,,,,,,,,,,
H,Muddebihal,615,508,-17,N,,,,,,,,,,
H,Dhavalagi,624,432,-31,D,,,,,,,,,,
T,Talikote,586,637,9,N,,,,,,,,,,
H,Talikoti,586,647,10,N,,,,,,,,,,
H,Devarhipargi,597,624,4,N,,,,,,,,,,
H,Dhavalagi,612,670,9,N,,,,,,,,,,
H,Huvinhippargi,603,536,-11,N,,,,,,,,,,
T,Tikota,406,593,46,E,,,,,,,,,,
H,Tikota,406,593,46,E,,,,,,,,,,
T,Kolhara,606,513,-15,N,,,,,,,,,,
H,Kolhar,606,512,-16,N,,,,,,,,,,
T,Devara Hipparagi,630,663,5,N,,,,,,,,,,
H,Devar Hipparagi,630,652,3,N,,,,,,,,,,
H,Huvinhiprgi,625,643,3,N,,,,,,,,,,
D,GADAG,624,678,9,N,,,,,,,,,,
T,Gadag,659,734,11,N,,,,,,,,,,
H,Gadag,659,907,38,E,,,,,,,,,,
H,Betageri,655,605,-8,N,,,,,,,,,,
T,Mundargi,557,583,5,N,,,,,,,,,,
H,Mundargi,557,623,12,N,,,,,,,,,,
H,Dambal,462,560,21,E,,,,,,,,,,
T,Naragund,557,693,24,E,,,,,,,,,,
H,Naragund,557,727,31,E,,,,,,,,,,
H,Konnur,583,642,10,N,,,,,,,,,,
T,Ron,699,629,-10,N,,,,,,,,,,
H,Ron,699,647,-7,N,,,,,,,,,,
H,Hole Alur,623,629,1,N,,,,,,,,,,
H,Nargil,668,658,-1,N,,,,,,,,,,
T,Shirahatti,689,714,4,N,,,,,,,,,,
H,Shirahatti,689,713,4,N,,,,,,,,,,
T,Gajendragad,737,660,-10,N,,,,,,,,,,
H,Rona,737,764,4,N,,,,,,,,,,
H,Nargil,660,627,-5,N,,,,,,,,,,
T,Laxmeshwar,594,823,39,E,,,,,,,,,,
H,Laxmeshwar,594,822,38,E,,,,,,,,,,
D,HAVERI,800,1013,27,E,,,,,,,,,,
T,Byadgi,679,1062,57,E,,,,,,,,,,
H,Byadgi,679,960,41,E,,,,,,,,,,
H,Kaginelli,797,1195,50,E,,,,,,,,,,
T,Hanagal,1044,1160,11,N,,,,,,,,,,
H,Hangal,1044,1278,22,E,,,,,,,,,,
H,Akki Alur,1067,1151,8,N,,,,,,,,,,
H,Bommanhalli,1024,1056,3,N,,,,,,,,,,
T,Haveri,778,893,15,N,,,,,,,,,,
H,Haveri,778,971,25,E,,,,,,,,,,
H,Guttal,619,826,34,E,,,,,,,,,,
H,Karajgi,732,925,26,E,,,,,,,,,,
T,Hirekerur,856,1074,25,E,,,,,,,,,,
H,Hirekerur,856,1168,36,E,,,,,,,,,,
H,Haunsbhavi,918,986,7,N,,,,,,,,,,
T,RANEBENNUR,623,966,55,E,,,,,,,,,,
H,Ranebennur,623,1010,62,LE,,,,,,,,,,
H,Kuppelur,708,1047,48,E,,,,,,,,,,
H,Medleri,651,864,33,E,,,,,,,,,,
T,Savanur,699,952,36,E,,,,,,,,,,
H,Savanur,699,876,25,E,,,,,,,,,,
H,Hatti Mattur,717,1020,42,E,,,,,,,,,,
T,Shiggaon,814,975,20,E,,,,,,,,,,
H,Shiggaon,814,839,3,N,,,,,,,,,,
H,Bankapur,808,1015,26,E,,,,,,,,,,
H,Dhundsi,955,1045,9,N,,,,,,,,,,
T,Ratteehalli,790,1085,37,E,,,,,,,,,,
H,Rattihalli,790,1091,38,E,,,,,,,,,,
H,Hirekerur,830,1074,29,E,,,,,,,,,,
D,DHARWAD,787,965,23,E,,,,,,,,,,
T,Dharwad,777,1060,36,E,,,,,,,,,,
H,Dharwad,777,1156,49,E,,,,,,,,,,
H,Aminbhavi,792,863,9,N,,,,,,,,,,
H,Garag,908,1119,23,E,,,,,,,,,,
T,Hubballi,772,935,21,E,,,,,,,,,,
H,Chabbi,772,1136,47,E,,,,,,,,,,
H,Shirguppi,699,809,16,N,,,,,,,,,,
T,Kalghatgi,979,1253,28,E,,,,,,,,,,
H,Kalghatgi,979,1329,36,E,,,,,,,,,,
H,Dummavada,852,1205,42,E,,,,,,,,,,
H,Tabkad Honnihalli,965,1209,25,E,,,,,,,,,,
T,Kundgol,661,841,27,E,,,,,,,,,,
H,Kundgol,661,833,26,E,,,,,,,,,,
H,Saunshi,696,842,21,E,,,,,,,,,,
T,Navalgund,631,711,13,N,,,,,,,,,,
H,Moraba,631,707,12,N,,,,,,,,,,
T,Hubballi Nagara,746,1009,35,E,,,,,,,,,,
H,Hubballi Urban,746,1007,35,E,,,,,,,,,,
T,Alnavara,1267,1416,12,N,,,,,,,,,,
H,Alnavar,1267,1411,11,N,,,,,,,,,,
T,Annigeri,651,797,23,E,,,,,,,,,,
H,Annigeri,651,801,23,E,,,,,,,,,,
D,SHIVAMOGGA,2325,2444,5,N,,,,,,,,,,
T,Bhadravathi,866,1292,49,E,,,,,,,,,,
H,Bhadravathi_1,866,1420,64,LE,,,,,,,,,,
H,Bhadravathi_2,936,1268,35,E,,,,,,,,,,
H,Hole Honnuru_1,883,1090,24,E,,,,,,,,,,
H,Hole Honnuru_3,846,1194,41,E,,,,,,,,,,
H,Hole Honnuru_2,800,1266,58,E,,,,,,,,,,
H,Kudligere,882,1353,53,E,,,,,,,,,,
T,HOSANAGARA,3071,3285,7,N,,,,,,,,,,
H,Hosanagar,3071,3270,6,N,,,,,,,,,,
H,Huncha,2490,2433,-2,N,,,,,,,,,,
H,Kerehalli,1764,1807,2,N,,,,,,,,,,
H,Nagar,5205,4654,-11,N,,,,,,,,,,
T,SAGARA,2495,3240,30,E,,,,,,,,,,
H,Sagar,2495,2139,-14,N,,,,,,,,,,
H,Anandapuram,1702,2038,20,E,,,,,,,,,,
H,Baragadde,4040,3789,-6,N,,,,,,,,,,
H,Anahalli,2692,2442,-9,N,,,,,,,,,,
H,Karauru,4154,4836,16,N,,,,,,,,,,
H,Talguppa,2710,2768,2,N,,,,,,,,,,
T,SHIKARIPURA,975,1399,43,E,,,,,,,,,,
H,Shikaripur,975,1472,51,E,,,,,,,,,,
H,Anjanapura,1171,1470,26,E,,,,,,,,,,
H,Husuru,861,1334,55,E,,,,,,,,,,
H,Udagani,1037,1359,31,E,,,,,,,,,,
H,Talagunda,1050,1385,32,E,,,,,,,,,,
T,Shivamogga,842,1498,78,LE,,,,,,,,,,
H,Shivamogga_2,842,1346,60,E,,,,,,,,,,
H,Shivamogga_1,1150,1409,22,E,,,,,,,,,,
H,Haranahalli,1037,1389,34,E,,,,,,,,,,
H,Holalur_1,843,1316,56,E,,,,,,,,,,
H,Holalur_2,913,1160,27,E,,,,,,,,,,
H,Kumsi,984,1761,79,LE,,,,,,,,,,
H,Nidige_1,951,1498,58,E,,,,,,,,,,
H,Nidige_2,1193,1478,24,E,,,,,,,,,,
H,Ayanuru,1043,1717,65,LE,,,,,,,,,,
T,SORABA,1541,1811,18,N,,,,,,,,,,
H,Sorab,1541,1815,18,N,,,,,,,,,,
H,Anavatti,1261,1419,13,N,,,,,,,,,,
H,Chandragutti,2332,1974,-15,N,,,,,,,,,,
H,Jade,1478,1622,10,N,,,,,,,,,,
H,Kuppagadde,1417,1906,34,E,,,,,,,,,,
H,Ulvi,1895,1962,4,N,,,,,,,,,,
T,Tirthahalli,2867,3083,8,N,,,,,,,,,,
H,Thirthahalli,2867,3040,6,N,,,,,,,,,,
H,Agrahara,2713,3039,12,N,,,,,,,,,,
H,Agumbe,7565,4152,-45,D,,,,,,,,,,
H,Mandagadde,1690,2435,44,E,,,,,,,,,,
H,Malur,2579,2650,3,N,,,,,,,,,,
D,HASSAN,1142,1363,19,N,,,,,,,,,,
T,Alur,1149,1259,10,N,,,,,,,,,,
H,Alur,1149,1191,4,N,,,,,,,,,,
H,Kenchamman Hoskota,1814,1528,-16,N,,,,,,,,,,
H,Kundur,1136,983,-13,N,,,,,,,,,,
H,Palya,1581,1232,-22,D,,,,,,,,,,
T,ARKALGUD,885,1100,24,E,,,,,,,,,,
H,Arkalgud,885,957,8,N,,,,,,,,,,
H,Doddamagge,899,1001,11,N,,,,,,,,,,
H,Konanuru,797,1140,43,E,,,,,,,,,,
H,Mallipatna,1246,1354,9,N,,,,,,,,,,
H,Ramanathapura,830,1077,30,E,,,,,,,,,,
T,ARASIKERE,696,1036,49,E,,,,,,,,,,
H,Arasikere,696,1059,52,E,,,,,,,,,,
H,Banavara,564,1078,91,LE,,,,,,,,,,
H,Gandasi,661,1151,74,LE,,,,,,,,,,
H,Javagal,934,951,2,N,,,,,,,,,,
H,Kanakatte,595,980,65,LE,,,,,,,,,,
T,Belur,1021,1163,14,N,,,,,,,,,,
H,Belur,1021,1170,15,N,,,,,,,,,,
H,Arehalli,1790,1512,-16,N,,,,,,,,,,
H,Bikkodu,1213,1269,5,N,,,,,,,,,,
H,Halebeedu,1305,978,-25,D,,,,,,,,,,
H,Madihalli,2378,917,-61,LD,,,,,,,,,,
T,Channarayapatna,690,1130,64,LE,,,,,,,,,,
H,Channarayapatna,690,965,40,E,,,,,,,,,,
H,Baguru,779,1267,63,LE,,,,,,,,,,
H,Dandiganahalli,692,1018,47,E,,,,,,,,,,
H,Hirisave,768,1205,57,E,,,,,,,,,,
H,Nuggehalli,669,1227,83,LE,,,,,,,,,,
H,Shravan Belgola,733,1103,50,E,,,,,,,,,,
T,Hassan,846,1028,22,E,,,,,,,,,,
H,Hassan,846,1045,24,E,,,,,,,,,,
H,Dudda,652,999,53,E,,,,,,,,,,
H,Kattya,693,1002,45,E,,,,,,,,,,
H,Salagame,816,1069,31,E,,,,,,,,,,
H,Shantigrama,661,1014,53,E,,,,,,,,,,
T,HOLENARASIPURA,768,948,23,E,,,,,,,,,,
H,Holenarasipur,768,933,21,E,,,,,,,,,,
H,Halekote,778,1068,37,E,,,,,,,,,,
H,Halli Mysore,767,878,15,N,,,,,,,,,,
T,SAKALESHPURA,2247,2947,31,E,,,,,,,,,,
H,Sakaleshpur,2247,2331,4,N,,,,,,,,,,
H,Balegodu,1790,1600,-11,N,,,,,,,,,,
H,Hanbalu,2377,3479,46,E,,,,,,,,,,
H,Hettur,2218,3316,49,E,,,,,,,,,,
H,Yaslur,1783,2908,63,LE,,,,,,,,,,
D,CHIKKAMAGALURU,1833,2070,13,N,,,,,,,,,,
T,CHIKKAMAGALURU,836,1755,110,LE,,,,,,,,,,
H,Chikkamagaluru,836,1548,85,LE,,,,,,,,,,
H,Amble,938,1234,32,E,,,,,,,,,,
H,Aldur,1643,2038,24,E,,,,,,,,,,
H,Sangmeswrpet,2339,2230,-5,N,,,,,,,,,,
H,Lakya,1283,1275,-1,N,,,,,,,,,,
H,Avathi,1340,2017,50,E,,,,,,,,,,
H,Jagar,909,2003,120,LE,,,,,,,,,,
H,Vasthare,1048,1641,57,E,,,,,,,,,,
T,Kadur,639,1075,68,LE,,,,,,,,,,
H,Kadur,639,1163,82,LE,,,,,,,,,,
H,Birur,677,1232,82,LE,,,,,,,,,,
H,Hirenalluru,643,998,55,E,,,,,,,,,,
H,Sakkarepatna,813,1050,29,E,,,,,,,,,,
H,Shingatagere,630,1001,59,E,,,,,,,,,,
H,Yagati,632,968,53,E,,,,,,,,,,
H,Panchanahalli,594,1058,78,LE,,,,,,,,,,
T,Koppa,2907,3013,4,N,,,,,,,,,,
H,Koppa,2907,2782,-4,N,,,,,,,,,,
H,Hariharpur,3046,3185,5,N,,,,,,,,,,
H,Meguda,3122,3058,-2,N,,,,,,,,,,
T,Mudigere,2315,3386,46,E,,,,,,,,,,
H,Mudigere,2315,2308,0,N,,,,,,,,,,
H,Bankal,4139,3326,-20,D,,,,,,,,,,
H,Gonibidu,2268,3492,54,E,,,,,,,,,,
H,Kalasa,3491,3691,6,N,,,,,,,,,,
H,Baluru,3866,3344,-13,N,,,,,,,,,,
T,NARASIMHARAJAPURA,1609,2183,36,E,,,,,,,,,,
H,Narasimharajapur,1609,1906,18,N,,,,,,,,,,
H,Balehonnur,2590,2509,-3,N,,,,,,,,,,
T,Sringeri,3887,3940,1,N,,,,,,,,,,
H,Sringeri,3887,3308,-15,N,,,,,,,,,,
H,Kigga,4377,4107,-6,N,,,,,,,,,,
T,Tarikere,914,1280,40,E,,,,,,,,,,
H,Tarikere,914,1167,28,E,,,,,,,,,,
H,Amrutapur,881,1091,24,E,,,,,,,,,,
H,Lakavalli,1256,1461,16,N,,,,,,,,,,
H,Lingadahalli,825,1338,62,LE,,,,,,,,,,
T,Ajjampura,669,1060,59,E,,,,,,,,,,
H,Ajjampura,669,1054,58,E,,,,,,,,,,
H,Chowlahiriyur,607,1020,68,LE,,,,,,,,,,
H,Shivani,575,1114,94,LE,,,,,,,,,,
H,Amrutpura,698,910,30,E,,,,,,,,,,
H,Hirenalluru,645,1070,66,LE,,,,,,,,,,
D,KODAGU,2729,2656,-3,N,,,,,,,,,,
T,Madikeri,3265,3522,8,N,,,,,,,,,,
H,Madikeri,3265,3206,-2,N,,,,,,,,,,
H,Bhagamandala,5784,4224,-27,D,,,,,,,,,,
H,Napoklu,2833,2842,0,N,,,,,,,,,,
H,Sampaje,4418,3556,-19,N,,,,,,,,,,
T,Somwarpet,2098,2150,2,N,,,,,,,,,,
H,Somwarpet,2098,1936,-8,N,,,,,,,,,,
H,Kodlipet,1613,1767,10,N,,,,,,,,,,
H,Kushalnagar,978,1492,52,E,,,,,,,,,,
H,Sanivarsante,1863,1721,-8,N,,,,,,,,,,
H,Santhahalli,2294,3357,46,E,,,,,,,,,,
H,Suntikoppa,1589,2265,43,E,,,,,,,,,,
T,Virajpet,2468,2210,-10,N,,,,,,,,,,
H,Virajpet,2468,2836,15,N,,,,,,,,,,
H,Ammati,1992,1851,-7,N,,,,,,,,,,
H,Blale,1798,1710,-5,N,,,,,,,,,,
H,Hudakere,2403,2617,9,N,,,,,,,,,,
H,Ponnampet,2267,2019,-11,N,,,,,,,,,,
H,Srimangala,2753,1925,-30,D,,,,,,,,,,
D,DAKSHINA KANNADA,4006,3963,-1,N,,,,,,,,,,
T,Beltangadi,4426,4427,0,N,,,,,,,,,,
H,Belthangady,4426,4383,-1,N,,,,,,,,,,
H,Kokkada,4261,4499,6,N,,,,,,,,,,
H,Venur,4117,4262,4,N,,,,,,,,,,
T,Bantwal,3856,3369,-13,N,,,,,,,,,,
H,Bantwal,3856,3559,-8,N,,,,,,,,,,
H,Pane Mangalore,3885,3361,-13,N,,,,,,,,,,
H,Vittal,3984,3153,-21,D,,,,,,,,,,
T,Mangaluru,3609,3486,-3,N,,,,,,,,,,
H,Mangaluru_A,3609,3382,-6,N,,,,,,,,,,
H,Mangaluru_B,3631,3366,-7,N,,,,,,,,,,
H,Gurpur,3801,3458,-9,N,,,,,,,,,,
H,Mulki,3788,3602,-5,N,,,,,,,,,,
H,Suratkal,3834,3422,-11,N,,,,,,,,,,
T,Puttur,4058,3592,-12,N,,,,,,,,,,
H,Puttur,4058,3609,-11,N,,,,,,,,,,
H,Uppinangadi,3939,3472,-12,N,,,,,,,,,,
T,Sulya,3592,3885,8,N,,,,,,,,,,
H,Sullia,3592,3741,4,N,,,,,,,,,,
H,Panaje,4015,4136,3,N,,,,,,,,,,
T,Mudabidri,4010,3873,-3,N,,,,,,,,,,
H,Mudbidri,4010,3824,-5,N,,,,,,,,,,
T,Kadaba,4135,4329,5,N,,,,,,,,,,
H,Kadaba,4135,4214,2,N,,,,,,,,,,
H,Panaje,4215,4027,-4,N,,,,,,,,,,
H,Uppinangadi,3495,4681,34,E,,,,,,,,,,
D,UDUPI,4535,4797,6,N,,,,,,,,,,
T,Karkala,4777,4736,-1,N,,,,,,,,,,
H,Karkala,4777,4474,-6,N,,,,,,,,,,
H,Ajekar,4755,5051,6,N,,,,,,,,,,
T,Kundapur,3786,4784,26,E,,,,,,,,,,
H,Kundapur,3786,4469,18,N,,,,,,,,,,
H,Vandse,4260,4838,14,N,,,,,,,,,,
T,Udupi,3862,4149,7,N,,,,,,,,,,
H,Udupi,3862,4031,4,N,,,,,,,,,,
H,Brahmavara,4333,4171,-4,N,,,,,,,,,,
T,Bynduru,4428,4865,10,N,,,,,,,,,,
H,Bainduru,4428,4811,9,N,,,,,,,,,,
T,Bramhavara,4043,4259,5,N,,,,,,,,,,
H,Brahmavara,4043,4237,5,N,,,,,,,,,,
H,Kota,3525,4120,17,N,,,,,,,,,,
T,Kapu,3757,4145,10,N,,,,,,,,,,
H,Kapu,3757,4079,9,N,,,,,,,,,,
T,Hebri,5802,6033,4,N,,,,,,,,,,
H,Ajekar,5802,6085,5,N,,,,,,,,,,
H,Kundapur,5073,5473,8,N,,,,,,,,,,
D,UTTARA KANNADA,2936,3346,14,N,,,,,,,,,,
T,Ankola,3532,4083,16,N,,,,,,,,,,
H,Ankola,3532,4152,18,N,,,,,,,,,,
H,Belikere,3517,3904,11,N,,,,,,,,,,
H,Basagod,3438,3823,11,N,,,,,,,,,,
H,Blale,3364,3994,19,N,,,,,,,,,,
T,Bhatkal,4322,4569,6,N,,,,,,,,,,
H,Susgadi,4322,4539,5,N,,,,,,,,,,
H,Mavalli,4071,4536,11,N,,,,,,,,,,
T,Haliyal,1339,1955,46,E,,,,,,,,,,
H,Haliyal,1339,1869,40,E,,,,,,,,,,
H,Murkvad,1061,1831,72,LE,,,,,,,,,,
H,Sambrani,1260,2006,59,E,,,,,,,,,,
H,Dandeli,1371,2174,59,E,,,,,,,,,,
T,Honnavar,3728,4613,24,E,,,,,,,,,,
H,Honnavar,3728,4238,14,N,,,,,,,,,,
H,Manki,3668,4172,14,N,,,,,,,,,,
H,Mavinakurvei,3869,4958,28,E,,,,,,,,,,
T,Karwar,3234,4293,33,E,,,,,,,,,,
H,Baad,3234,3643,13,N,,,,,,,,,,
H,Ghadasaya,3611,4611,28,E,,,,,,,,,,
H,Kinnar,3448,3723,8,N,,,,,,,,,,
H,Savantvada,3329,4381,32,E,,,,,,,,,,
T,Kumta,3523,3503,-1,N,,,,,,,,,,
H,Kumta,3523,3494,-1,N,,,,,,,,,,
H,Gokarna,3243,3430,6,N,,,,,,,,,,
H,Kujahalli,3978,3563,-10,N,,,,,,,,,,
H,Mirjan,3526,3347,-5,N,,,,,,,,,,
T,Mundgod,1438,1675,17,N,,,,,,,,,,
H,Mundgod,1438,1488,3,N,,,,,,,,,,
H,Pala,1243,1904,53,E,,,,,,,,,,
T,SIDDAPUR,3016,3682,22,E,,,,,,,,,,
H,Umbalamani,4456,3390,-24,D,,,,,,,,,,
H,Siddapura,3016,3187,6,N,,,,,,,,,,
H,Kodkani,3371,4209,25,E,,,,,,,,,,
T,SIRSI,2360,3194,35,E,,,,,,,,,,
H,Sirsi,2360,2750,17,N,,,,,,,,,,
H,Banavasi,1511,2384,58,E,,,,,,,,,,
H,Hulekal,2174,3146,45,E,,,,,,,,,,
H,Sampakanda,4141,4152,0,N,,,,,,,,,,
T,SUPA,2578,3483,35,E,,,,,,,,,,
H,Supa,2578,2556,-1,N,,,,,,,,,,
H,Kasalrock,4658,4899,5,N,,,,,,,,,,
H,Kumbarawada,3073,3178,3,N,,,,,,,,,,
T,YELLAPUR,2668,2599,-3,N,,,,,,,,,,
H,Yellapur,2668,3030,14,N,,,,,,,,,,
H,Manchikeri,1989,2205,11,N,,,,,,,,,,
T,Dandelli,1540,2064,34,E,,,,,,,,,,
H,Dhandeli,1540,2053,33,E,,,,,,,,,,
D,YADGIR,719,669,-7,N,,,,,,,,,,
T,Shahapur,848,716,-16,N,,,,,,,,,,
H,Shahpur,848,701,-17,N,,,,,,,,,,
H,Doranahlli,816,830,2,N,,,,,,,,,,
H,Gogi,775,653,-16,N,,,,,,,,,,
H,Hayyalbuzurg,735,735,0,N,,,,,,,,,,
T,Shorapur,721,613,-15,N,,,,,,,,,,
H,Shorapur,721,674,-7,N,,,,,,,,,,
H,Kakkeri,576,626,9,N,,,,,,,,,,
H,Kembhavi,584,548,-6,N,,,,,,,,,,
T,Yadgir,908,761,-16,N,,,,,,,,,,
H,Yadgir,908,778,-14,N,,,,,,,,,,
H,Balichakra,773,469,-39,D,,,,,,,,,,
H,Hattikuni,854,821,-4,N,,,,,,,,,,
H,Saidapur,754,824,9,N,,,,,,,,,,
T,Gurumithakala,773,737,-5,N,,,,,,,,,,
H,Gurmitakal,773,831,7,N,,,,,,,,,,
H,Konakal,776,663,-15,N,,,,,,,,,,
H,Balichakra,763,660,-14,N,,,,,,,,,,
T,Vadagera,617,728,18,N,,,,,,,,,,
H,Wadagera,617,678,10,N,,,,,,,,,,
H,Doranahlli,715,809,13,N,,,,,,,,,,
H,Hayyala Buzurg,722,740,2,N,,,,,,,,,,
T,Hunisigi,501,492,-2,N,,,,,,,,,,
H,Hunasagi,501,506,1,N,,,,,,,,,,
H,Kodekal,622,481,-23,D,,,,,,,,,,
H,Kakkera,571,511,-11,N,,,,,,,,,,
D,VIJAYANAGAR,643,772,20,E,,,,,,,,,,
T,Hosapete,704,777,10,N,,,,,,,,,,
H,Hospet,704,881,25,E,,,,,,,,,,
H,Kamalapura,658,681,4,N,,,,,,,,,,
H,Mariyammanahalli,673,805,20,E,,,,,,,,,,
T,Hadagali,641,783,22,E,,,,,,,,,,
H,Hadagali,641,776,21,E,,,,,,,,,,
H,Hirehadagalli,652,833,28,E,,,,,,,,,,
H,Ittigi,667,741,11,N,,,,,,,,,,
T,HAGARIBOMMANAHALLI,635,772,22,E,,,,,,,,,,
H,Hagaribommanahalli,635,700,10,N,,,,,,,,,,
H,Hampa Sagara,617,653,6,N,,,,,,,,,,
H,Tambarahalli,628,856,36,E,,,,,,,,,,
H,Kogali,617,774,26,E,,,,,,,,,,
T,HARAPPANAHALLI,755,835,11,N,,,,,,,,,,
H,Harapanahalli,755,737,-2,N,,,,,,,,,,
H,Arasikere,656,1002,53,E,,,,,,,,,,
H,Chigateri,761,681,-11,N,,,,,,,,,,
H,Telagi,665,904,36,E,,,,,,,,,,
T,Kotturu,533,749,40,E,,,,,,,,,,
H,Kotturu,533,758,42,E,,,,,,,,,,
H,Kogali,641,635,-1,N,,,,,,,,,,
H,Hoshalli,560,819,46,E,,,,,,,,,,
T,Kampli,531,591,11,N,,,,,,,,,,
H,Kampli,531,602,13,N,,,,,,,,,,
H,Kurugodu,553,524,-5,N,,,,,,,,,,
,1.SIK,714,1050,47,E,,,,,,,,,,
,2.NIK,702,780,11,N,,,,,,,,,,
,3.MALNAD,1950,2100,8,N,,,,,,,,,,
,4.COASTAL,3518,3784,8,N,,,,,,,,,,
,State,1153,1337,16,N,,,,,,,,,,
